Date,EUROSTOXX50,S&P500
2016-12-15,3249.739990234375,2262.030029296875
2016-12-16,3259.239990234375,2258.070068359375
2016-12-19,3257.85009765625,2262.530029296875
2016-12-20,3279.409912109375,2270.760009765625
2016-12-21,3270.75,2265.179931640625
2016-12-22,3269.510009765625,2260.9599609375
2016-12-23,3273.969970703125,2263.7900390625
2016-12-27,3278.530029296875,2268.8798828125
2016-12-28,3278.719970703125,2249.919921875
2016-12-29,3271.760009765625,2249.260009765625
2016-12-30,3290.52001953125,2238.830078125
2017-01-03,3315.02001953125,2257.830078125
2017-01-04,3317.52001953125,2270.75
2017-01-05,3316.469970703125,2269.0
2017-01-06,3321.169921875,2276.97998046875
2017-01-09,3308.969970703125,2268.89990234375
2017-01-10,3306.2099609375,2268.89990234375
2017-01-11,3307.93994140625,2275.320068359375
2017-01-12,3286.699951171875,2270.43994140625
2017-01-13,3324.340087890625,2274.639892578125
2017-01-17,3285.0400390625,2267.889892578125
2017-01-18,3294.0,2271.889892578125
2017-01-19,3290.330078125,2263.68994140625
2017-01-20,3299.43994140625,2271.31005859375
2017-01-23,3273.0400390625,2265.199951171875
2017-01-24,3281.530029296875,2280.070068359375
2017-01-25,3326.14990234375,2298.3701171875
2017-01-26,3319.1298828125,2296.679931640625
2017-01-27,3303.330078125,2294.68994140625
2017-01-30,3262.719970703125,2280.89990234375
2017-01-31,3230.679931640625,2278.8701171875
2017-02-01,3258.919921875,2279.550048828125
2017-02-02,3253.610107421875,2280.85009765625
2017-02-03,3273.110107421875,2297.419921875
2017-02-06,3238.31005859375,2292.56005859375
2017-02-07,3235.7099609375,2293.080078125
2017-02-08,3238.0400390625,2294.669921875
2017-02-09,3277.7900390625,2307.8701171875
2017-02-10,3270.830078125,2316.10009765625
2017-02-13,3305.22998046875,2328.25
2017-02-14,3308.889892578125,2337.580078125
2017-02-15,3323.7099609375,2349.25
2017-02-16,3311.0400390625,2347.219970703125
2017-02-17,3308.81005859375,2351.159912109375
2017-02-21,3339.330078125,2365.3798828125
2017-02-22,3339.27001953125,2362.820068359375
2017-02-23,3333.9599609375,2363.81005859375
2017-02-24,3304.090087890625,2367.340087890625
2017-02-27,3309.300048828125,2369.75
2017-02-28,3319.610107421875,2363.639892578125
2017-03-01,3390.199951171875,2395.9599609375
2017-03-02,3384.7099609375,2381.919921875
2017-03-03,3403.389892578125,2383.1201171875
2017-03-06,3387.4599609375,2375.31005859375
2017-03-07,3385.1201171875,2368.389892578125
2017-03-08,3389.6201171875,2362.97998046875
2017-03-09,3409.889892578125,2364.8701171875
2017-03-10,3416.27001953125,2372.60009765625
2017-03-13,3415.489990234375,2373.469970703125
2017-03-14,3399.429931640625,2365.449951171875
2017-03-15,3409.320068359375,2385.260009765625
2017-03-16,3439.9599609375,2381.3798828125
2017-03-17,3448.409912109375,2378.25
2017-03-20,3437.47998046875,2373.469970703125
2017-03-21,3429.6201171875,2344.02001953125
2017-03-22,3420.699951171875,2348.449951171875
2017-03-23,3452.179931640625,2345.9599609375
2017-03-24,3444.14990234375,2343.97998046875
2017-03-27,3437.139892578125,2341.590087890625
2017-03-28,3465.070068359375,2358.570068359375
2017-03-29,3475.27001953125,2361.1298828125
2017-03-30,3481.580078125,2368.06005859375
2017-03-31,3500.929931640625,2362.719970703125
2017-04-03,3472.93994140625,2358.840087890625
2017-04-04,3481.659912109375,2360.159912109375
2017-04-05,3472.580078125,2352.949951171875
2017-04-06,3489.570068359375,2357.489990234375
2017-04-07,3495.800048828125,2355.5400390625
2017-04-10,3480.43994140625,2357.159912109375
2017-04-11,3470.0400390625,2353.780029296875
2017-04-12,3468.510009765625,2344.929931640625
2017-04-13,3448.260009765625,2328.949951171875
2017-04-18,3409.780029296875,2342.18994140625
2017-04-19,3420.989990234375,2338.169921875
2017-04-20,3440.030029296875,2355.840087890625
2017-04-21,3440.27001953125,2348.68994140625
2017-04-24,3577.3798828125,2374.14990234375
2017-04-25,3583.159912109375,2388.610107421875
2017-04-26,3578.7099609375,2387.449951171875
2017-04-27,3563.2900390625,2388.77001953125
2017-04-28,3559.590087890625,2384.199951171875
2017-05-02,3578.2099609375,2391.169921875
2017-05-03,3586.25,2388.1298828125
2017-05-04,3627.8798828125,2389.52001953125
2017-05-05,3658.7900390625,2399.2900390625
2017-05-08,3642.110107421875,2399.3798828125
2017-05-09,3649.080078125,2396.919921875
2017-05-10,3645.739990234375,2399.6298828125
2017-05-11,3623.550048828125,2394.43994140625
2017-05-12,3637.52001953125,2390.89990234375
2017-05-15,3641.8798828125,2402.320068359375
2017-05-16,3641.889892578125,2400.669921875
2017-05-17,3584.830078125,2357.030029296875
2017-05-18,3562.219970703125,2365.719970703125
2017-05-19,3587.010009765625,2381.72998046875
2017-05-22,3576.530029296875,2394.02001953125
2017-05-23,3595.030029296875,2398.419921875
2017-05-24,3586.6201171875,2404.389892578125
2017-05-26,3579.02001953125,2415.820068359375
2017-05-30,3561.219970703125,2412.909912109375
2017-05-31,3554.590087890625,2411.800048828125
2017-06-01,3567.02001953125,2430.06005859375
2017-06-02,3591.820068359375,2439.070068359375
2017-06-06,3554.179931640625,2429.330078125
2017-06-07,3548.840087890625,2433.139892578125
2017-06-08,3563.8798828125,2433.7900390625
2017-06-09,3586.070068359375,2431.77001953125
2017-06-12,3543.949951171875,2429.389892578125
2017-06-13,3557.8701171875,2440.35009765625
2017-06-14,3547.14990234375,2437.919921875
2017-06-15,3525.4599609375,2432.4599609375
2017-06-16,3543.8798828125,2433.14990234375
2017-06-19,3579.580078125,2453.4599609375
2017-06-20,3560.659912109375,2437.030029296875
2017-06-21,3554.35009765625,2435.610107421875
2017-06-22,3555.760009765625,2434.5
2017-06-23,3543.679931640625,2438.300048828125
2017-06-26,3561.760009765625,2439.070068359375
2017-06-27,3538.320068359375,2419.3798828125
2017-06-28,3535.699951171875,2440.68994140625
2017-06-29,3471.330078125,2419.699951171875
2017-06-30,3441.8798828125,2423.409912109375
2017-07-03,3491.81005859375,2429.010009765625
2017-07-05,3478.409912109375,2432.5400390625
2017-07-06,3462.06005859375,2409.75
2017-07-07,3463.840087890625,2425.179931640625
2017-07-10,3478.06005859375,2427.429931640625
2017-07-11,3464.47998046875,2425.530029296875
2017-07-12,3515.22998046875,2443.25
2017-07-13,3527.830078125,2447.830078125
2017-07-14,3525.93994140625,2459.27001953125
2017-07-17,3516.35009765625,2459.139892578125
2017-07-18,3478.679931640625,2460.610107421875
2017-07-19,3500.280029296875,2473.830078125
2017-07-20,3499.489990234375,2473.449951171875
2017-07-21,3451.7099609375,2472.5400390625
2017-07-24,3453.169921875,2469.909912109375
2017-07-25,3473.5400390625,2477.1298828125
2017-07-26,3491.18994140625,2477.830078125
2017-07-27,3493.139892578125,2475.419921875
2017-07-28,3467.72998046875,2472.10009765625
2017-07-31,3449.360107421875,2470.300048828125
2017-08-02,3459.320068359375,2477.570068359375
2017-08-03,3466.3701171875,2472.159912109375
2017-08-04,3507.409912109375,2476.830078125
2017-08-07,3505.800048828125,2480.909912109375
2017-08-08,3515.6298828125,2474.919921875
2017-08-09,3468.449951171875,2474.02001953125
2017-08-10,3433.5400390625,2438.2099609375
2017-08-11,3406.340087890625,2441.320068359375
2017-08-14,3450.659912109375,2465.840087890625
2017-08-15,3461.909912109375,2464.610107421875
2017-08-16,3484.570068359375,2468.110107421875
2017-08-17,3461.969970703125,2430.010009765625
2017-08-18,3446.030029296875,2425.550048828125
2017-08-21,3423.530029296875,2428.3701171875
2017-08-22,3455.590087890625,2452.510009765625
2017-08-23,3438.6298828125,2444.0400390625
2017-08-24,3444.72998046875,2438.969970703125
2017-08-25,3438.550048828125,2443.050048828125
2017-08-28,3421.030029296875,2444.239990234375
2017-08-29,3388.219970703125,2446.300048828125
2017-08-30,3403.7099609375,2457.590087890625
2017-08-31,3421.469970703125,2471.64990234375
2017-09-01,3443.8798828125,2476.550048828125
2017-09-05,3420.860107421875,2457.85009765625
2017-09-06,3433.800048828125,2465.5400390625
2017-09-07,3447.659912109375,2465.10009765625
2017-09-08,3447.68994140625,2461.429931640625
2017-09-11,3495.18994140625,2488.110107421875
2017-09-12,3512.56005859375,2496.47998046875
2017-09-13,3523.139892578125,2498.3701171875
2017-09-14,3526.47998046875,2495.6201171875
2017-09-15,3515.550048828125,2500.22998046875
2017-09-18,3526.739990234375,2503.8701171875
2017-09-19,3531.179931640625,2506.64990234375
2017-09-20,3525.550048828125,2508.239990234375
2017-09-21,3539.590087890625,2500.60009765625
2017-09-22,3541.419921875,2502.219970703125
2017-09-25,3537.81005859375,2496.659912109375
2017-09-26,3536.3798828125,2496.840087890625
2017-09-27,3555.169921875,2507.0400390625
2017-09-28,3563.639892578125,2510.06005859375
2017-09-29,3594.85009765625,2519.360107421875
2017-10-02,3602.68994140625,2529.1201171875
2017-10-03,3605.72998046875,2534.580078125
2017-10-04,3594.909912109375,2537.739990234375
2017-10-05,3613.5400390625,2552.070068359375
2017-10-06,3603.320068359375,2549.330078125
2017-10-09,3610.5,2544.72998046875
2017-10-10,3598.7900390625,2550.639892578125
2017-10-11,3607.389892578125,2555.239990234375
2017-10-12,3605.5400390625,2550.929931640625
2017-10-13,3604.550048828125,2553.169921875
2017-10-16,3606.27001953125,2557.639892578125
2017-10-17,3607.77001953125,2559.360107421875
2017-10-18,3619.64990234375,2561.260009765625
2017-10-19,3602.080078125,2562.10009765625
2017-10-20,3605.090087890625,2575.2099609375
2017-10-23,3608.8701171875,2564.97998046875
2017-10-24,3610.68994140625,2569.1298828125
2017-10-25,3591.4599609375,2557.14990234375
2017-10-26,3637.199951171875,2560.39990234375
2017-10-27,3652.22998046875,2581.070068359375
2017-10-30,3662.179931640625,2572.830078125
2017-10-31,3673.949951171875,2575.260009765625
2017-11-01,3697.39990234375,2579.360107421875
2017-11-02,3688.800048828125,2579.85009765625
2017-11-03,3689.9599609375,2587.840087890625
2017-11-06,3682.360107421875,2591.1298828125
2017-11-07,3658.77001953125,2590.639892578125
2017-11-08,3655.0400390625,2594.3798828125
2017-11-09,3612.5,2584.6201171875
2017-11-10,3593.760009765625,2582.300048828125
2017-11-13,3574.52001953125,2584.840087890625
2017-11-14,3556.3798828125,2578.8701171875
2017-11-15,3545.719970703125,2564.6201171875
2017-11-16,3564.800048828125,2585.639892578125
2017-11-17,3547.4599609375,2578.85009765625
2017-11-20,3561.409912109375,2582.139892578125
2017-11-21,3579.320068359375,2599.030029296875
2017-11-22,3562.64990234375,2597.080078125
2017-11-24,3581.22998046875,2602.419921875
2017-11-27,3564.02001953125,2601.419921875
2017-11-28,3583.489990234375,2627.0400390625
2017-11-29,3589.909912109375,2626.070068359375
2017-11-30,3569.929931640625,2647.580078125
2017-12-01,3527.550048828125,2642.219970703125
2017-12-04,3576.219970703125,2639.43994140625
2017-12-05,3570.570068359375,2629.570068359375
2017-12-06,3561.570068359375,2629.27001953125
2017-12-07,3573.1298828125,2636.97998046875
2017-12-08,3591.449951171875,2651.5
2017-12-11,3582.2099609375,2659.989990234375
2017-12-12,3600.35009765625,2664.110107421875
2017-12-13,3581.75,2662.85009765625
2017-12-14,3556.219970703125,2652.010009765625
2017-12-15,3560.530029296875,2675.81005859375
2017-12-18,3609.419921875,2690.159912109375
2017-12-19,3582.219970703125,2681.469970703125
2017-12-20,3552.64990234375,2679.25
2017-12-21,3570.780029296875,2684.570068359375
2017-12-22,3553.389892578125,2683.340087890625
2017-12-27,3550.169921875,2682.6201171875
2017-12-28,3524.31005859375,2687.5400390625
2017-12-29,3503.9599609375,2673.610107421875
2018-01-03,3509.8798828125,2713.06005859375
2018-01-04,3568.8798828125,2723.989990234375
2018-01-05,3607.6298828125,2743.14990234375
2018-01-08,3616.449951171875,2747.7099609375
2018-01-09,3622.8701171875,2751.2900390625
2018-01-10,3609.830078125,2748.22998046875
2018-01-11,3595.239990234375,2767.56005859375
2018-01-12,3612.610107421875,2786.239990234375
2018-01-16,3622.010009765625,2776.419921875
2018-01-17,3612.780029296875,2802.56005859375
2018-01-18,3620.909912109375,2798.030029296875
2018-01-19,3649.070068359375,2810.300048828125
2018-01-22,3665.280029296875,2832.969970703125
2018-01-23,3672.2900390625,2839.1298828125
2018-01-24,3643.219970703125,2837.5400390625
2018-01-25,3630.14990234375,2839.25
2018-01-26,3647.409912109375,2872.8701171875
2018-01-29,3643.0400390625,2853.530029296875
2018-01-30,3606.75,2822.429931640625
2018-01-31,3609.2900390625,2823.81005859375
2018-02-01,3577.35009765625,2821.97998046875
2018-02-02,3523.280029296875,2762.1298828125
2018-02-05,3478.77001953125,2648.93994140625
2018-02-06,3394.919921875,2695.139892578125
2018-02-07,3454.52001953125,2681.659912109375
2018-02-08,3377.300048828125,2581.0
2018-02-09,3325.989990234375,2619.550048828125
2018-02-12,3368.25,2656.0
2018-02-13,3340.929931640625,2662.93994140625
2018-02-14,3369.830078125,2698.6298828125
2018-02-15,3389.6298828125,2731.199951171875
2018-02-16,3426.800048828125,2732.219970703125
2018-02-20,3435.080078125,2716.260009765625
2018-02-21,3430.159912109375,2701.330078125
2018-02-22,3431.989990234375,2703.9599609375
2018-02-23,3441.4599609375,2747.300048828125
2018-02-26,3463.179931640625,2779.60009765625
2018-02-27,3458.030029296875,2744.280029296875
2018-02-28,3438.9599609375,2713.830078125
2018-03-01,3399.159912109375,2677.669921875
2018-03-02,3324.75,2691.25
2018-03-05,3355.320068359375,2720.93994140625
2018-03-06,3357.860107421875,2728.1201171875
2018-03-07,3377.360107421875,2726.800048828125
2018-03-08,3413.280029296875,2738.969970703125
2018-03-09,3420.5400390625,2786.570068359375
2018-03-12,3429.47998046875,2783.02001953125
2018-03-13,3397.35009765625,2765.31005859375
2018-03-14,3390.97998046875,2749.47998046875
2018-03-15,3414.1298828125,2747.330078125
2018-03-16,3437.39990234375,2752.010009765625
2018-03-19,3394.7900390625,2712.919921875
2018-03-20,3412.080078125,2716.93994140625
2018-03-21,3401.0400390625,2711.929931640625
2018-03-22,3348.18994140625,2643.68994140625
2018-03-23,3298.070068359375,2588.260009765625
2018-03-26,3278.719970703125,2658.550048828125
2018-03-27,3316.949951171875,2612.6201171875
2018-03-28,3331.25,2605.0
2018-03-29,3361.5,2640.8701171875
2018-04-03,3346.929931640625,2614.449951171875
2018-04-04,3340.35009765625,2644.68994140625
2018-04-05,3429.949951171875,2662.840087890625
2018-04-06,3408.10009765625,2604.469970703125
2018-04-09,3414.85009765625,2613.159912109375
2018-04-10,3438.780029296875,2656.8701171875
2018-04-11,3419.7099609375,2642.18994140625
2018-04-12,3443.969970703125,2663.989990234375
2018-04-13,3448.0,2656.300048828125
2018-04-16,3441.0400390625,2677.840087890625
2018-04-17,3477.909912109375,2706.389892578125
2018-04-18,3490.889892578125,2708.639892578125
2018-04-19,3486.60009765625,2693.1298828125
2018-04-20,3494.199951171875,2670.139892578125
2018-04-23,3513.06005859375,2670.2900390625
2018-04-24,3510.8798828125,2634.56005859375
2018-04-25,3485.830078125,2639.39990234375
2018-04-26,3506.030029296875,2666.93994140625
2018-04-27,3518.780029296875,2669.909912109375
2018-04-30,3536.52001953125,2648.050048828125
2018-05-02,3553.7900390625,2635.669921875
2018-05-03,3529.1201171875,2629.72998046875
2018-05-04,3550.590087890625,2663.419921875
2018-05-07,3564.18994140625,2672.6298828125
2018-05-08,3557.8798828125,2671.919921875
2018-05-09,3569.739990234375,2697.7900390625
2018-05-11,3565.52001953125,2727.719970703125
2018-05-14,3565.739990234375,2730.1298828125
2018-05-15,3564.2900390625,2711.449951171875
2018-05-16,3562.85009765625,2722.4599609375
2018-05-17,3592.179931640625,2720.1298828125
2018-05-18,3573.760009765625,2712.969970703125
2018-05-22,3587.25,2724.43994140625
2018-05-23,3541.820068359375,2733.2900390625
2018-05-24,3521.760009765625,2727.760009765625
2018-05-25,3515.360107421875,2721.330078125
2018-05-29,3428.139892578125,2689.860107421875
2018-05-30,3441.18994140625,2724.010009765625
2018-05-31,3406.64990234375,2705.27001953125
2018-06-01,3453.5400390625,2734.6201171875
2018-06-04,3469.570068359375,2746.8701171875
2018-06-05,3456.7900390625,2748.800048828125
2018-06-06,3460.820068359375,2772.35009765625
2018-06-07,3459.77001953125,2770.3701171875
2018-06-08,3447.300048828125,2779.030029296875
2018-06-11,3480.219970703125,2782.0
2018-06-12,3475.580078125,2786.85009765625
2018-06-13,3479.56005859375,2775.6298828125
2018-06-14,3527.110107421875,2782.489990234375
2018-06-15,3505.02001953125,2779.659912109375
2018-06-18,3466.64990234375,2773.75
2018-06-19,3435.300048828125,2762.590087890625
2018-06-20,3439.60009765625,2767.320068359375
2018-06-21,3403.510009765625,2749.760009765625
2018-06-22,3441.60009765625,2754.8798828125
2018-06-25,3369.2099609375,2717.070068359375
2018-06-26,3368.719970703125,2723.06005859375
2018-06-27,3397.1298828125,2699.6298828125
2018-06-28,3365.52001953125,2716.31005859375
2018-06-29,3395.60009765625,2718.3701171875
2018-07-02,3372.2099609375,2726.7099609375
2018-07-03,3406.340087890625,2713.219970703125
2018-07-05,3440.919921875,2736.610107421875
2018-07-06,3448.489990234375,2759.820068359375
2018-07-09,3460.43994140625,2784.169921875
2018-07-10,3473.31005859375,2793.840087890625
2018-07-11,3422.35009765625,2774.02001953125
2018-07-12,3445.489990234375,2798.2900390625
2018-07-13,3454.5400390625,2801.31005859375
2018-07-16,3449.080078125,2798.429931640625
2018-07-17,3457.5,2809.550048828125
2018-07-18,3485.080078125,2815.6201171875
2018-07-19,3471.639892578125,2804.489990234375
2018-07-20,3460.030029296875,2801.830078125
2018-07-23,3454.050048828125,2806.97998046875
2018-07-24,3483.31005859375,2820.39990234375
2018-07-25,3468.449951171875,2846.070068359375
2018-07-26,3509.260009765625,2837.43994140625
2018-07-27,3527.179931640625,2818.820068359375
2018-07-30,3512.31005859375,2802.60009765625
2018-07-31,3525.489990234375,2816.2900390625
2018-08-02,3469.2099609375,2827.219970703125
2018-08-03,3482.39990234375,2840.35009765625
2018-08-06,3483.300048828125,2850.39990234375
2018-08-07,3504.3701171875,2858.449951171875
2018-08-08,3493.60009765625,2857.699951171875
2018-08-09,3494.1298828125,2853.580078125
2018-08-10,3426.280029296875,2833.280029296875
2018-08-13,3409.679931640625,2821.929931640625
2018-08-14,3409.43994140625,2839.9599609375
2018-08-15,3359.080078125,2818.3701171875
2018-08-16,3377.56005859375,2840.68994140625
2018-08-17,3372.93994140625,2850.1298828125
2018-08-20,3393.669921875,2857.050048828125
2018-08-21,3411.659912109375,2862.9599609375
2018-08-22,3420.179931640625,2861.820068359375
2018-08-23,3419.260009765625,2856.97998046875
2018-08-24,3427.43994140625,2874.68994140625
2018-08-27,3456.010009765625,2896.739990234375
2018-08-28,3447.570068359375,2897.52001953125
2018-08-29,3456.1298828125,2914.0400390625
2018-08-30,3430.989990234375,2901.1298828125
2018-08-31,3392.89990234375,2901.52001953125
2018-09-04,3359.360107421875,2896.719970703125
2018-09-05,3315.6201171875,2888.60009765625
2018-09-06,3295.949951171875,2878.050048828125
2018-09-07,3293.360107421875,2871.679931640625
2018-09-10,3309.280029296875,2877.1298828125
2018-09-11,3311.659912109375,2887.889892578125
2018-09-12,3326.60009765625,2888.919921875
2018-09-13,3333.679931640625,2904.179931640625
2018-09-14,3344.6298828125,2904.97998046875
2018-09-17,3346.110107421875,2888.800048828125
2018-09-18,3358.4599609375,2904.31005859375
2018-09-19,3368.56005859375,2907.949951171875
2018-09-20,3403.1201171875,2930.75
2018-09-21,3430.81005859375,2929.669921875
2018-09-24,3410.43994140625,2919.3701171875
2018-09-25,3419.780029296875,2915.56005859375
2018-09-26,3433.14990234375,2905.969970703125
2018-09-27,3449.7900390625,2914.0
2018-09-28,3399.199951171875,2913.97998046875
2018-10-01,3414.159912109375,2924.590087890625
2018-10-02,3388.989990234375,2923.429931640625
2018-10-03,3405.47998046875,2925.510009765625
2018-10-04,3375.080078125,2901.610107421875
2018-10-05,3345.510009765625,2885.570068359375
2018-10-08,3309.719970703125,2884.429931640625
2018-10-09,3321.7900390625,2880.340087890625
2018-10-10,3266.89990234375,2785.679931640625
2018-10-11,3209.18994140625,2728.3701171875
2018-10-12,3194.409912109375,2767.1298828125
2018-10-15,3210.3701171875,2750.7900390625
2018-10-16,3257.340087890625,2809.919921875
2018-10-17,3243.080078125,2809.2099609375
2018-10-18,3211.590087890625,2768.780029296875
2018-10-19,3210.820068359375,2767.780029296875
2018-10-22,3190.090087890625,2755.8798828125
2018-10-23,3140.93994140625,2740.68994140625
2018-10-24,3130.330078125,2656.10009765625
2018-10-25,3164.39990234375,2705.570068359375
2018-10-26,3134.889892578125,2658.68994140625
2018-10-29,3154.929931640625,2641.25
2018-10-30,3147.1298828125,2682.6298828125
2018-10-31,3197.510009765625,2711.739990234375
2018-11-01,3204.2099609375,2740.3701171875
2018-11-02,3214.409912109375,2723.06005859375
2018-11-05,3217.3701171875,2738.31005859375
2018-11-06,3207.419921875,2755.449951171875
2018-11-07,3246.159912109375,2813.889892578125
2018-11-08,3237.60009765625,2806.830078125
2018-11-09,3229.489990234375,2781.010009765625
2018-11-12,3194.080078125,2726.219970703125
2018-11-13,3224.820068359375,2722.179931640625
2018-11-14,3205.360107421875,2701.580078125
2018-11-15,3190.31005859375,2730.199951171875
2018-11-16,3180.739990234375,2736.27001953125
2018-11-19,3160.330078125,2690.72998046875
2018-11-20,3116.070068359375,2641.889892578125
2018-11-21,3153.909912109375,2649.929931640625
2018-11-23,3137.2099609375,2632.56005859375
2018-11-26,3172.7099609375,2673.449951171875
2018-11-27,3166.419921875,2682.169921875
2018-11-28,3168.2900390625,2743.7900390625
2018-11-29,3174.159912109375,2737.800048828125
2018-11-30,3173.1298828125,2760.169921875
2018-12-03,3214.989990234375,2790.3701171875
2018-12-04,3189.25,2700.06005859375
2018-12-06,3045.93994140625,2695.949951171875
2018-12-07,3058.530029296875,2633.080078125
2018-12-10,3016.989990234375,2637.719970703125
2018-12-11,3055.320068359375,2636.780029296875
2018-12-12,3107.969970703125,2651.070068359375
2018-12-13,3112.169921875,2650.5400390625
2018-12-14,3092.60009765625,2599.949951171875
2018-12-17,3063.64990234375,2545.93994140625
2018-12-18,3040.1298828125,2546.159912109375
2018-12-19,3051.3798828125,2506.9599609375
2018-12-20,3000.06005859375,2467.419921875
2018-12-21,3000.610107421875,2416.6201171875
2018-12-27,2937.360107421875,2488.830078125
2018-12-28,2986.530029296875,2485.739990234375
2019-01-03,2954.659912109375,2447.889892578125
2019-01-04,3041.85009765625,2531.93994140625
2019-01-07,3033.639892578125,2549.68994140625
2019-01-08,3054.93994140625,2574.409912109375
2019-01-09,3070.239990234375,2584.9599609375
2019-01-10,3075.72998046875,2596.639892578125
2019-01-11,3070.0400390625,2596.260009765625
2019-01-14,3055.179931640625,2582.610107421875
2019-01-15,3068.050048828125,2610.300048828125
2019-01-16,3077.219970703125,2616.10009765625
2019-01-17,3069.35009765625,2635.9599609375
2019-01-18,3134.919921875,2670.7099609375
2019-01-22,3112.800048828125,2632.89990234375
2019-01-23,3112.1298828125,2638.699951171875
2019-01-24,3126.31005859375,2642.330078125
2019-01-25,3163.239990234375,2664.760009765625
2019-01-28,3137.27001953125,2643.85009765625
2019-01-29,3153.419921875,2640.0
2019-01-30,3161.739990234375,2681.050048828125
2019-01-31,3159.429931640625,2704.10009765625
2019-02-01,3171.1201171875,2706.530029296875
2019-02-04,3165.199951171875,2724.8701171875
2019-02-05,3215.0400390625,2737.699951171875
2019-02-06,3212.75,2731.610107421875
2019-02-07,3150.760009765625,2706.050048828125
2019-02-08,3135.6201171875,2707.8798828125
2019-02-11,3165.610107421875,2709.800048828125
2019-02-12,3190.75,2744.72998046875
2019-02-13,3202.3701171875,2753.030029296875
2019-02-14,3182.659912109375,2745.72998046875
2019-02-15,3241.25,2775.60009765625
2019-02-19,3239.409912109375,2779.760009765625
2019-02-20,3259.489990234375,2784.699951171875
2019-02-21,3263.699951171875,2774.8798828125
2019-02-22,3270.550048828125,2792.669921875
2019-02-25,3280.010009765625,2796.110107421875
2019-02-26,3289.320068359375,2793.89990234375
2019-02-27,3282.77001953125,2792.3798828125
2019-02-28,3298.260009765625,2784.489990234375
2019-03-01,3312.10009765625,2803.68994140625
2019-03-04,3317.1201171875,2792.81005859375
2019-03-05,3327.18994140625,2789.64990234375
2019-03-06,3324.669921875,2771.449951171875
2019-03-07,3308.85009765625,2748.929931640625
2019-03-08,3283.60009765625,2743.070068359375
2019-03-11,3304.43994140625,2783.300048828125
2019-03-12,3303.949951171875,2791.52001953125
2019-03-13,3323.449951171875,2810.919921875
2019-03-14,3342.030029296875,2808.47998046875
2019-03-15,3386.080078125,2822.47998046875
2019-03-18,3387.93994140625,2832.93994140625
2019-03-19,3409.0,2832.570068359375
2019-03-20,3372.3798828125,2824.22998046875
2019-03-21,3367.39990234375,2854.8798828125
2019-03-22,3305.72998046875,2800.7099609375
2019-03-25,3300.47998046875,2798.360107421875
2019-03-26,3319.530029296875,2818.4599609375
2019-03-27,3322.0400390625,2805.3701171875
2019-03-28,3320.2900390625,2815.43994140625
2019-03-29,3351.7099609375,2834.39990234375
2019-04-01,3385.3798828125,2867.18994140625
2019-04-02,3395.699951171875,2867.239990234375
2019-04-03,3435.56005859375,2873.39990234375
2019-04-04,3441.929931640625,2879.389892578125
2019-04-05,3447.469970703125,2892.739990234375
2019-04-08,3438.06005859375,2895.77001953125
2019-04-09,3417.219970703125,2878.199951171875
2019-04-10,3424.64990234375,2888.2099609375
2019-04-11,3435.340087890625,2888.320068359375
2019-04-12,3447.830078125,2907.409912109375
2019-04-15,3450.4599609375,2905.580078125
2019-04-16,3463.360107421875,2907.06005859375
2019-04-17,3477.72998046875,2900.449951171875
2019-04-18,3499.22998046875,2905.030029296875
2019-04-23,3503.85009765625,2933.679931640625
2019-04-24,3502.6298828125,2927.25
2019-04-25,3491.919921875,2926.169921875
2019-04-26,3500.409912109375,2939.8798828125
2019-04-29,3501.93994140625,2943.030029296875
2019-04-30,3514.6201171875,2945.830078125
2019-05-02,3488.929931640625,2917.52001953125
2019-05-03,3502.47998046875,2945.639892578125
2019-05-06,3462.949951171875,2932.469970703125
2019-05-07,3401.159912109375,2884.050048828125
2019-05-08,3417.260009765625,2879.419921875
2019-05-09,3350.7099609375,2870.719970703125
2019-05-10,3361.050048828125,2881.39990234375
2019-05-13,3320.780029296875,2811.8701171875
2019-05-14,3364.3798828125,2834.409912109375
2019-05-15,3385.780029296875,2850.9599609375
2019-05-16,3438.56005859375,2876.320068359375
2019-05-17,3425.639892578125,2859.530029296875
2019-05-20,3369.780029296875,2840.22998046875
2019-05-21,3386.510009765625,2864.360107421875
2019-05-22,3386.719970703125,2856.27001953125
2019-05-23,3327.199951171875,2822.239990234375
2019-05-24,3350.699951171875,2826.06005859375
2019-05-28,3348.860107421875,2802.389892578125
2019-05-29,3297.81005859375,2783.02001953125
2019-05-31,3280.429931640625,2752.06005859375
2019-06-03,3300.219970703125,2744.449951171875
2019-06-04,3333.489990234375,2803.27001953125
2019-06-05,3339.949951171875,2826.14990234375
2019-06-06,3338.409912109375,2843.489990234375
2019-06-07,3378.3798828125,2873.340087890625
2019-06-11,3401.10009765625,2885.719970703125
2019-06-12,3386.6298828125,2879.840087890625
2019-06-13,3390.5,2891.639892578125
2019-06-14,3379.18994140625,2886.97998046875
2019-06-17,3383.2099609375,2889.669921875
2019-06-18,3452.889892578125,2917.75
2019-06-19,3454.699951171875,2926.4599609375
2019-06-20,3468.080078125,2954.179931640625
2019-06-21,3466.919921875,2950.4599609375
2019-06-24,3455.570068359375,2945.35009765625
2019-06-25,3444.360107421875,2917.3798828125
2019-06-26,3442.949951171875,2913.780029296875
2019-06-27,3442.3798828125,2924.919921875
2019-06-28,3473.68994140625,2941.760009765625
2019-07-01,3497.590087890625,2964.330078125
2019-07-02,3507.97998046875,2973.010009765625
2019-07-03,3540.6298828125,2995.820068359375
2019-07-05,3527.97998046875,2990.409912109375
2019-07-08,3523.760009765625,2975.949951171875
2019-07-09,3509.75,2979.6298828125
2019-07-10,3501.52001953125,2993.070068359375
2019-07-11,3496.72998046875,2999.909912109375
2019-07-12,3497.6298828125,3013.77001953125
2019-07-15,3502.219970703125,3014.300048828125
2019-07-16,3521.360107421875,3004.0400390625
2019-07-17,3501.580078125,2984.419921875
2019-07-18,3482.830078125,2995.110107421875
2019-07-19,3480.179931640625,2976.610107421875
2019-07-22,3489.919921875,2985.030029296875
2019-07-23,3532.8701171875,3005.469970703125
2019-07-24,3532.89990234375,3019.56005859375
2019-07-25,3510.14990234375,3003.669921875
2019-07-26,3524.469970703125,3025.860107421875
2019-07-29,3523.580078125,3020.969970703125
2019-07-30,3462.85009765625,3013.179931640625
2019-07-31,3466.85009765625,2980.3798828125
2019-08-02,3376.1201171875,2932.050048828125
2019-08-05,3310.929931640625,2844.739990234375
2019-08-06,3291.659912109375,2881.77001953125
2019-08-07,3309.989990234375,2883.97998046875
2019-08-08,3375.3798828125,2938.090087890625
2019-08-09,3333.739990234375,2918.64990234375
2019-08-12,3326.550048828125,2882.699951171875
2019-08-13,3357.159912109375,2926.320068359375
2019-08-14,3288.699951171875,2840.60009765625
2019-08-15,3282.780029296875,2847.60009765625
2019-08-16,3329.080078125,2888.679931640625
2019-08-19,3369.18994140625,2923.64990234375
2019-08-20,3350.22998046875,2900.510009765625
2019-08-21,3394.889892578125,2924.429931640625
2019-08-22,3373.669921875,2922.949951171875
2019-08-23,3334.25,2847.110107421875
2019-08-26,3348.840087890625,2878.3798828125
2019-08-27,3370.469970703125,2869.159912109375
2019-08-28,3365.3798828125,2887.93994140625
2019-08-29,3411.330078125,2924.580078125
2019-08-30,3426.760009765625,2926.4599609375
2019-09-03,3420.739990234375,2906.27001953125
2019-09-04,3450.830078125,2937.780029296875
2019-09-05,3484.699951171875,2976.0
2019-09-06,3495.18994140625,2978.7099609375
2019-09-09,3495.02001953125,2978.429931640625
2019-09-10,3498.989990234375,2979.389892578125
2019-09-11,3516.820068359375,3000.929931640625
2019-09-12,3538.860107421875,3009.570068359375
2019-09-13,3550.110107421875,3007.389892578125
2019-09-16,3518.449951171875,2997.9599609375
2019-09-17,3521.260009765625,3005.699951171875
2019-09-18,3528.0400390625,3006.72998046875
2019-09-19,3552.64990234375,3006.7900390625
2019-09-20,3571.389892578125,2992.070068359375
2019-09-23,3536.969970703125,2991.780029296875
2019-09-24,3532.050048828125,2966.60009765625
2019-09-25,3513.030029296875,2984.8701171875
2019-09-26,3532.179931640625,2977.6201171875
2019-09-27,3545.8798828125,2961.7900390625
2019-09-30,3569.449951171875,2976.739990234375
2019-10-01,3518.25,2940.25
2019-10-02,3413.31005859375,2887.610107421875
2019-10-03,3417.3701171875,2910.6298828125
2019-10-04,3446.7099609375,2952.010009765625
2019-10-07,3471.239990234375,2938.7900390625
2019-10-08,3432.760009765625,2893.06005859375
2019-10-09,3462.110107421875,2919.39990234375
2019-10-10,3493.9599609375,2938.1298828125
2019-10-11,3569.919921875,2970.27001953125
2019-10-14,3556.260009765625,2966.14990234375
2019-10-15,3598.64990234375,2995.679931640625
2019-10-16,3599.25,2989.68994140625
2019-10-17,3588.6201171875,2997.949951171875
2019-10-18,3579.409912109375,2986.199951171875
2019-10-21,3600.080078125,3006.719970703125
2019-10-22,3604.820068359375,2995.989990234375
2019-10-23,3606.889892578125,3004.52001953125
2019-10-24,3621.3701171875,3010.2900390625
2019-10-25,3624.679931640625,3022.550048828125
2019-10-28,3625.68994140625,3039.419921875
2019-10-29,3622.090087890625,3036.889892578125
2019-10-30,3620.2900390625,3046.77001953125
2019-10-31,3604.409912109375,3037.56005859375
2019-11-01,3623.739990234375,3066.909912109375
2019-11-04,3665.2099609375,3078.27001953125
2019-11-05,3676.52001953125,3074.6201171875
2019-11-06,3688.739990234375,3076.780029296875
2019-11-07,3706.679931640625,3085.179931640625
2019-11-08,3699.64990234375,3093.080078125
2019-11-11,3696.820068359375,3087.010009765625
2019-11-12,3712.199951171875,3091.840087890625
2019-11-13,3699.5,3094.0400390625
2019-11-14,3688.81005859375,3096.6298828125
2019-11-15,3711.610107421875,3120.4599609375
2019-11-18,3704.919921875,3122.030029296875
2019-11-19,3696.56005859375,3120.179931640625
2019-11-20,3683.8798828125,3108.4599609375
2019-11-21,3679.659912109375,3103.5400390625
2019-11-22,3687.320068359375,3110.2900390625
2019-11-25,3707.679931640625,3133.639892578125
2019-11-26,3705.550048828125,3140.52001953125
2019-11-27,3712.85009765625,3153.6298828125
2019-11-29,3703.580078125,3140.97998046875
2019-12-02,3626.659912109375,3113.8701171875
2019-12-03,3610.989990234375,3093.199951171875
2019-12-04,3660.02001953125,3112.760009765625
2019-12-05,3648.1298828125,3117.429931640625
2019-12-06,3692.340087890625,3145.909912109375
2019-12-09,3672.179931640625,3135.9599609375
2019-12-10,3671.780029296875,3132.52001953125
2019-12-11,3687.449951171875,3141.6298828125
2019-12-12,3706.35009765625,3168.570068359375
2019-12-13,3731.070068359375,3168.800048828125
2019-12-16,3772.739990234375,3191.449951171875
2019-12-17,3745.280029296875,3192.52001953125
2019-12-18,3739.0,3191.139892578125
2019-12-19,3739.169921875,3205.3701171875
2019-12-20,3776.56005859375,3221.219970703125
2019-12-23,3776.659912109375,3224.010009765625
2019-12-27,3782.27001953125,3240.02001953125
2019-12-30,3748.469970703125,3221.2900390625
2020-01-03,3773.3701171875,3234.85009765625
2020-01-06,3752.52001953125,3246.280029296875
2020-01-07,3759.25,3237.179931640625
2020-01-08,3772.56005859375,3253.050048828125
2020-01-09,3795.8798828125,3274.699951171875
2020-01-10,3789.52001953125,3265.35009765625
2020-01-13,3779.679931640625,3288.1298828125
2020-01-14,3774.8798828125,3283.14990234375
2020-01-15,3768.9599609375,3289.2900390625
2020-01-16,3774.139892578125,3316.81005859375
2020-01-17,3808.260009765625,3329.6201171875
2020-01-21,3789.1201171875,3320.7900390625
2020-01-22,3769.7900390625,3321.75
2020-01-23,3736.85009765625,3325.5400390625
2020-01-24,3779.159912109375,3295.469970703125
2020-01-27,3677.840087890625,3243.6298828125
2020-01-28,3719.219970703125,3276.239990234375
2020-01-29,3736.360107421875,3273.39990234375
2020-01-30,3690.780029296875,3283.659912109375
2020-01-31,3640.909912109375,3225.52001953125
2020-02-03,3661.27001953125,3248.919921875
2020-02-04,3732.280029296875,3297.590087890625
2020-02-05,3777.840087890625,3334.68994140625
2020-02-06,3805.52001953125,3345.780029296875
2020-02-07,3798.489990234375,3327.7099609375
2020-02-10,3793.179931640625,3352.090087890625
2020-02-11,3825.840087890625,3357.75
2020-02-12,3854.429931640625,3379.449951171875
2020-02-13,3846.739990234375,3373.93994140625
2020-02-14,3840.969970703125,3380.159912109375
2020-02-18,3836.5400390625,3370.2900390625
2020-02-19,3865.179931640625,3386.14990234375
2020-02-20,3822.97998046875,3373.22998046875
2020-02-21,3800.3798828125,3337.75
2020-02-24,3647.97998046875,3225.889892578125
2020-02-25,3572.510009765625,3128.2099609375
2020-02-26,3577.679931640625,3116.389892578125
2020-02-27,3455.919921875,2978.760009765625
2020-02-28,3329.489990234375,2954.219970703125
2020-03-02,3338.830078125,3090.22998046875
2020-03-03,3371.969970703125,3003.3701171875
2020-03-04,3420.56005859375,3130.1201171875
2020-03-05,3363.580078125,3023.93994140625
2020-03-06,3232.070068359375,2972.3701171875
2020-03-09,2959.070068359375,2746.56005859375
2020-03-10,2910.02001953125,2882.22998046875
2020-03-11,2905.56005859375,2741.3798828125
2020-03-12,2545.22998046875,2480.639892578125
2020-03-13,2586.02001953125,2711.02001953125
2020-03-16,2450.3701171875,2386.1298828125
2020-03-17,2530.5,2529.18994140625
2020-03-18,2385.820068359375,2398.10009765625
2020-03-19,2454.080078125,2409.389892578125
2020-03-20,2548.5,2304.919921875
2020-03-23,2485.5400390625,2237.39990234375
2020-03-24,2715.110107421875,2447.330078125
2020-03-25,2800.139892578125,2475.56005859375
2020-03-26,2847.780029296875,2630.070068359375
2020-03-27,2728.64990234375,2541.469970703125
2020-03-30,2765.6201171875,2626.64990234375
2020-03-31,2786.89990234375,2584.590087890625
2020-04-01,2680.300048828125,2470.5
2020-04-02,2688.489990234375,2526.89990234375
2020-04-03,2662.989990234375,2488.64990234375
2020-04-06,2795.969970703125,2663.679931640625
2020-04-07,2857.669921875,2659.409912109375
2020-04-08,2851.27001953125,2749.97998046875
2020-04-09,2892.7900390625,2789.820068359375
2020-04-14,2917.739990234375,2846.06005859375
2020-04-15,2808.199951171875,2783.360107421875
2020-04-16,2812.35009765625,2799.550048828125
2020-04-17,2888.300048828125,2874.56005859375
2020-04-20,2909.5,2823.159912109375
2020-04-21,2791.340087890625,2736.56005859375
2020-04-22,2834.89990234375,2799.31005859375
2020-04-23,2852.4599609375,2797.800048828125
2020-04-24,2809.070068359375,2836.739990234375
2020-04-27,2882.090087890625,2878.47998046875
2020-04-28,2932.06005859375,2863.389892578125
2020-04-29,2996.080078125,2939.510009765625
2020-04-30,2927.929931640625,2912.429931640625
2020-05-04,2816.47998046875,2842.739990234375
2020-05-05,2875.909912109375,2868.43994140625
2020-05-06,2843.760009765625,2848.419921875
2020-05-07,2880.60009765625,2881.18994140625
2020-05-08,2908.110107421875,2929.800048828125
2020-05-11,2883.75,2930.18994140625
2020-05-12,2884.199951171875,2870.1201171875
2020-05-13,2810.550048828125,2820.0
2020-05-14,2760.22998046875,2852.5
2020-05-15,2770.699951171875,2863.699951171875
2020-05-18,2911.8798828125,2953.909912109375
2020-05-19,2902.580078125,2922.93994140625
2020-05-20,2942.389892578125,2971.610107421875
2020-05-22,2905.469970703125,2955.449951171875
2020-05-26,2999.219970703125,2991.77001953125
2020-05-27,3051.080078125,3036.1298828125
2020-05-28,3094.469970703125,3029.72998046875
2020-05-29,3050.199951171875,3044.31005859375
2020-06-02,3159.02001953125,3080.820068359375
2020-06-03,3269.590087890625,3122.8701171875
2020-06-04,3261.669921875,3112.35009765625
2020-06-05,3384.2900390625,3193.929931640625
2020-06-08,3366.2900390625,3232.389892578125
2020-06-09,3320.7099609375,3207.179931640625
2020-06-10,3293.7099609375,3190.139892578125
2020-06-11,3144.570068359375,3002.10009765625
2020-06-12,3153.739990234375,3041.31005859375
2020-06-15,3136.39990234375,3066.590087890625
2020-06-16,3242.64990234375,3124.739990234375
2020-06-17,3267.260009765625,3113.489990234375
2020-06-18,3249.89990234375,3115.340087890625
2020-06-19,3269.10009765625,3097.739990234375
2020-06-22,3241.68994140625,3117.860107421875
2020-06-23,3298.830078125,3131.2900390625
2020-06-24,3196.1201171875,3050.330078125
2020-06-25,3218.909912109375,3083.760009765625
2020-06-26,3204.169921875,3009.050048828125
2020-06-29,3232.02001953125,3053.239990234375
2020-06-30,3234.070068359375,3100.2900390625
2020-07-01,3228.449951171875,3115.860107421875
2020-07-02,3320.090087890625,3130.010009765625
2020-07-06,3350.030029296875,3179.719970703125
2020-07-07,3321.56005859375,3145.320068359375
2020-07-08,3286.090087890625,3169.93994140625
2020-07-09,3261.169921875,3152.050048828125
2020-07-10,3296.219970703125,3185.0400390625
2020-07-13,3350.0,3155.219970703125
2020-07-14,3321.389892578125,3197.52001953125
2020-07-15,3378.2099609375,3226.56005859375
2020-07-16,3365.35009765625,3215.570068359375
2020-07-17,3365.60009765625,3224.72998046875
2020-07-20,3388.340087890625,3251.840087890625
2020-07-21,3405.35009765625,3257.300048828125
2020-07-22,3370.760009765625,3276.02001953125
2020-07-23,3371.739990234375,3235.659912109375
2020-07-24,3310.889892578125,3215.6298828125
2020-07-27,3302.840087890625,3239.409912109375
2020-07-28,3303.56005859375,3218.43994140625
2020-07-29,3300.159912109375,3258.43994140625
2020-07-30,3208.199951171875,3246.219970703125
2020-07-31,3174.320068359375,3271.1201171875
2020-08-03,3248.280029296875,3294.610107421875
2020-08-04,3254.2900390625,3306.510009765625
2020-08-05,3268.3798828125,3327.77001953125
2020-08-06,3240.389892578125,3349.159912109375
2020-08-07,3252.64990234375,3351.280029296875
2020-08-10,3259.7099609375,3360.469970703125
2020-08-11,3332.1201171875,3333.68994140625
2020-08-12,3363.179931640625,3380.35009765625
2020-08-13,3342.85009765625,3373.429931640625
2020-08-14,3305.050048828125,3372.85009765625
2020-08-17,3305.85009765625,3381.989990234375
2020-08-18,3289.639892578125,3389.780029296875
2020-08-19,3317.6201171875,3374.85009765625
2020-08-20,3273.97998046875,3385.510009765625
2020-08-21,3259.75,3397.159912109375
2020-08-24,3331.739990234375,3431.280029296875
2020-08-25,3329.7099609375,3443.6201171875
2020-08-26,3356.760009765625,3478.72998046875
2020-08-27,3331.0400390625,3484.550048828125
2020-08-28,3315.5400390625,3508.010009765625
2020-08-31,3272.510009765625,3500.31005859375
2020-09-01,3277.580078125,3526.64990234375
2020-09-02,3337.77001953125,3580.840087890625
2020-09-03,3304.219970703125,3455.06005859375
2020-09-04,3260.590087890625,3426.9599609375
2020-09-08,3267.3701171875,3331.840087890625
2020-09-09,3324.830078125,3398.9599609375
2020-09-10,3312.77001953125,3339.18994140625
2020-09-11,3315.81005859375,3340.969970703125
2020-09-14,3316.7900390625,3383.5400390625
2020-09-15,3332.260009765625,3401.199951171875
2020-09-16,3338.840087890625,3385.489990234375
2020-09-17,3316.570068359375,3357.010009765625
2020-09-18,3283.68994140625,3319.469970703125
2020-09-21,3160.949951171875,3281.06005859375
2020-09-22,3164.1298828125,3315.570068359375
2020-09-23,3180.110107421875,3236.919921875
2020-09-24,3159.639892578125,3246.590087890625
2020-09-25,3137.06005859375,3298.4599609375
2020-09-28,3223.18994140625,3351.60009765625
2020-09-29,3214.300048828125,3335.469970703125
2020-09-30,3193.610107421875,3363.0
2020-10-01,3194.090087890625,3380.800048828125
2020-10-02,3190.929931640625,3348.419921875
2020-10-05,3220.219970703125,3408.60009765625
2020-10-06,3233.300048828125,3360.969970703125
2020-10-07,3233.429931640625,3419.43994140625
2020-10-08,3255.760009765625,3446.830078125
2020-10-09,3273.1201171875,3477.139892578125
2020-10-12,3298.1201171875,3534.219970703125
2020-10-13,3279.18994140625,3511.929931640625
2020-10-14,3273.280029296875,3488.669921875
2020-10-15,3192.68994140625,3483.340087890625
2020-10-16,3245.469970703125,3483.81005859375
2020-10-19,3242.510009765625,3426.919921875
2020-10-20,3227.8701171875,3443.1201171875
2020-10-21,3180.699951171875,3435.56005859375
2020-10-22,3171.409912109375,3453.489990234375
2020-10-23,3198.860107421875,3465.389892578125
2020-10-26,3105.25,3400.969970703125
2020-10-27,3070.60009765625,3390.679931640625
2020-10-28,2963.5400390625,3271.030029296875
2020-10-29,2960.030029296875,3310.110107421875
2020-10-30,2958.2099609375,3269.9599609375
2020-11-02,3019.5400390625,3310.239990234375
2020-11-03,3098.719970703125,3369.159912109375
2020-11-04,3161.070068359375,3443.43994140625
2020-11-05,3215.56005859375,3510.449951171875
2020-11-06,3204.050048828125,3509.43994140625
2020-11-09,3407.909912109375,3550.5
2020-11-10,3442.6201171875,3545.530029296875
2020-11-11,3467.300048828125,3572.659912109375
2020-11-12,3428.199951171875,3537.010009765625
2020-11-13,3432.070068359375,3585.14990234375
2020-11-16,3466.2099609375,3626.909912109375
2020-11-17,3468.47998046875,3609.530029296875
2020-11-18,3482.169921875,3567.7900390625
2020-11-19,3451.969970703125,3581.8701171875
2020-11-20,3467.60009765625,3557.5400390625
2020-11-23,3463.0400390625,3577.590087890625
2020-11-24,3507.97998046875,3635.409912109375
2020-11-25,3511.89990234375,3629.64990234375
2020-11-27,3527.7900390625,3638.35009765625
2020-11-30,3492.5400390625,3621.6298828125
2020-12-01,3525.239990234375,3662.449951171875
2020-12-02,3521.320068359375,3669.010009765625
2020-12-03,3517.10009765625,3666.719970703125
2020-12-04,3539.27001953125,3699.1201171875
2020-12-07,3530.080078125,3691.9599609375
2020-12-08,3525.8701171875,3702.25
2020-12-09,3529.02001953125,3672.820068359375
2020-12-10,3522.31005859375,3668.10009765625
2020-12-11,3485.840087890625,3663.4599609375
2020-12-14,3503.9599609375,3647.489990234375
2020-12-15,3521.5,3694.6201171875
2020-12-16,3543.0,3701.169921875
2020-12-17,3560.8701171875,3722.47998046875
2020-12-18,3545.739990234375,3709.409912109375
2020-12-21,3448.679931640625,3694.919921875
2020-12-22,3497.489990234375,3687.260009765625
2020-12-23,3539.260009765625,3690.010009765625
2020-12-28,3575.409912109375,3735.360107421875
2020-12-29,3581.3701171875,3727.0400390625
2020-12-30,3571.590087890625,3732.0400390625
2021-01-04,3564.389892578125,3700.64990234375
2021-01-05,3547.85009765625,3726.860107421875
2021-01-06,3611.080078125,3748.139892578125
2021-01-07,3622.419921875,3803.7900390625
2021-01-08,3645.050048828125,3824.679931640625
2021-01-11,3620.6201171875,3799.610107421875
2021-01-12,3612.1298828125,3801.18994140625
2021-01-13,3616.510009765625,3809.840087890625
2021-01-14,3641.3701171875,3795.5400390625
2021-01-15,3599.550048828125,3768.25
2021-01-19,3595.419921875,3798.909912109375
2021-01-20,3624.0400390625,3851.85009765625
2021-01-21,3618.35009765625,3853.070068359375
2021-01-22,3602.409912109375,3841.469970703125
2021-01-25,3553.139892578125,3855.360107421875
2021-01-26,3592.830078125,3849.6201171875
2021-01-27,3536.3798828125,3750.77001953125
2021-01-28,3557.0400390625,3787.3798828125
2021-01-29,3481.43994140625,3714.239990234375
2021-02-01,3530.85009765625,3773.860107421875
2021-02-02,3590.4599609375,3826.31005859375
2021-02-03,3609.75,3830.169921875
2021-02-04,3642.1201171875,3871.739990234375
2021-02-05,3655.77001953125,3886.830078125
2021-02-08,3665.510009765625,3915.590087890625
2021-02-09,3661.1298828125,3911.22998046875
2021-02-10,3648.3701171875,3909.8798828125
2021-02-11,3671.679931640625,3916.3798828125
2021-02-12,3695.610107421875,3934.830078125
2021-02-16,3726.39990234375,3932.590087890625
2021-02-17,3699.85009765625,3931.330078125
2021-02-18,3681.0400390625,3913.969970703125
2021-02-19,3713.4599609375,3906.7099609375
2021-02-22,3699.85009765625,3876.5
2021-02-23,3689.10009765625,3881.3701171875
2021-02-24,3705.989990234375,3925.429931640625
2021-02-25,3685.280029296875,3829.340087890625
2021-02-26,3636.43994140625,3811.14990234375
2021-03-01,3706.6201171875,3901.820068359375
2021-03-02,3707.719970703125,3870.2900390625
2021-03-03,3712.780029296875,3819.719970703125
2021-03-04,3704.85009765625,3768.469970703125
2021-03-05,3669.5400390625,3841.93994140625
2021-03-08,3763.239990234375,3821.35009765625
2021-03-09,3786.050048828125,3875.43994140625
2021-03-10,3819.919921875,3898.81005859375
2021-03-11,3845.639892578125,3939.340087890625
2021-03-12,3833.360107421875,3943.340087890625
2021-03-15,3829.840087890625,3968.93994140625
2021-03-16,3850.9599609375,3962.7099609375
2021-03-17,3849.739990234375,3974.1201171875
2021-03-18,3867.5400390625,3915.4599609375
2021-03-19,3837.02001953125,3913.10009765625
2021-03-22,3833.840087890625,3940.590087890625
2021-03-23,3827.02001953125,3910.52001953125
2021-03-24,3832.550048828125,3889.139892578125
2021-03-25,3832.570068359375,3909.52001953125
2021-03-26,3866.679931640625,3974.5400390625
2021-03-29,3882.8701171875,3971.090087890625
2021-03-30,3926.199951171875,3958.550048828125
2021-03-31,3919.2099609375,3972.889892578125
2021-04-01,3945.9599609375,4019.8701171875
2021-04-06,3970.419921875,4073.93994140625
2021-04-07,3956.77001953125,4079.949951171875
2021-04-08,3977.830078125,4097.169921875
2021-04-09,3978.840087890625,4128.7998046875
2021-04-12,3961.89990234375,4127.990234375
2021-04-13,3966.989990234375,4141.58984375
2021-04-14,3976.280029296875,4124.66015625
2021-04-15,3993.429931640625,4170.419921875
2021-04-16,4032.989990234375,4185.47021484375
2021-04-19,4019.909912109375,4163.259765625
2021-04-20,3940.4599609375,4134.93994140625
2021-04-21,3976.409912109375,4173.419921875
2021-04-22,4014.800048828125,4134.97998046875
2021-04-23,4013.340087890625,4180.169921875
2021-04-26,4020.830078125,4187.6201171875
2021-04-27,4011.909912109375,4186.72021484375
2021-04-28,4015.030029296875,4183.18017578125
2021-04-29,3996.89990234375,4211.47021484375
2021-04-30,3974.739990234375,4181.169921875
2021-05-03,4000.25,4192.66015625
2021-05-04,3924.800048828125,4164.66015625
2021-05-05,4002.7900390625,4167.58984375
2021-05-06,3999.43994140625,4201.6201171875
2021-05-07,4034.25,4232.60009765625
2021-05-10,4023.35009765625,4188.43017578125
2021-05-11,3946.06005859375,4152.10009765625
2021-05-12,3947.429931640625,4063.0400390625
2021-05-14,4017.43994140625,4173.85009765625
2021-05-17,4006.840087890625,4163.2900390625
2021-05-18,4005.340087890625,4127.830078125
2021-05-19,3936.739990234375,4115.68017578125
2021-05-20,3999.909912109375,4159.1201171875
2021-05-21,4025.780029296875,4155.85986328125
2021-05-25,4036.0400390625,4188.1298828125
2021-05-26,4031.669921875,4195.990234375
2021-05-27,4039.2099609375,4200.8798828125
2021-05-28,4070.56005859375,4204.10986328125
2021-06-01,4071.75,4202.0400390625
2021-06-02,4088.5,4208.1201171875
2021-06-03,4079.239990234375,4192.85009765625
2021-06-04,4089.3798828125,4229.89013671875
2021-06-07,4097.64990234375,4226.52001953125
2021-06-08,4096.009765625,4227.259765625
2021-06-09,4096.85009765625,4219.5498046875
2021-06-10,4096.06982421875,4239.18017578125
2021-06-11,4126.7001953125,4247.43994140625
2021-06-14,4132.669921875,4255.14990234375
2021-06-15,4143.52001953125,4246.58984375
2021-06-16,4151.759765625,4223.7001953125
2021-06-17,4158.14013671875,4221.85986328125
2021-06-18,4083.3701171875,4166.4501953125
2021-06-21,4112.330078125,4224.7900390625
2021-06-22,4123.1298828125,4246.43994140625
2021-06-23,4075.93994140625,4241.83984375
2021-06-24,4122.43017578125,4266.490234375
2021-06-25,4120.66015625,4280.7001953125
2021-06-28,4089.909912109375,4290.60986328125
2021-06-29,4107.509765625,4291.7998046875
2021-06-30,4064.300048828125,4297.5
2021-07-01,4078.889892578125,4319.93994140625
2021-07-02,4084.31005859375,4352.33984375
2021-07-06,4052.669921875,4343.5400390625
2021-07-07,4078.530029296875,4358.1298828125
2021-07-08,3991.659912109375,4320.81982421875
2021-07-09,4068.090087890625,4369.5498046875
2021-07-12,4093.3798828125,4384.6298828125
2021-07-13,4094.56005859375,4369.2099609375
2021-07-14,4099.5,4374.2998046875
2021-07-15,4056.389892578125,4360.02978515625
2021-07-16,4035.77001953125,4327.16015625
2021-07-19,3928.530029296875,4258.490234375
2021-07-20,3956.340087890625,4323.06005859375
2021-07-21,4026.679931640625,4358.68994140625
2021-07-22,4059.050048828125,4367.47998046875
2021-07-23,4109.10009765625,4411.7900390625
2021-07-26,4102.58984375,4422.2998046875
2021-07-27,4064.830078125,4401.4599609375
2021-07-28,4103.02978515625,4400.64013671875
2021-07-29,4116.77001953125,4419.14990234375
2021-07-30,4089.300048828125,4395.259765625
2021-08-02,4116.6201171875,4387.16015625
2021-08-03,4117.9501953125,4423.14990234375
2021-08-04,4144.89990234375,4402.66015625
2021-08-05,4161.080078125,4429.10009765625
2021-08-06,4174.5400390625,4436.52001953125
2021-08-09,4177.14990234375,4432.35009765625
2021-08-10,4187.81982421875,4436.75
2021-08-11,4206.330078125,4442.41015625
2021-08-12,4226.330078125,4460.830078125
2021-08-13,4229.7001953125,4468.0
2021-08-16,4202.43994140625,4479.7099609375
2021-08-17,4196.39990234375,4448.080078125
2021-08-18,4189.419921875,4400.27001953125
2021-08-19,4124.7099609375,4405.7998046875
2021-08-20,4147.5,4441.669921875
2021-08-23,4176.419921875,4479.52978515625
2021-08-24,4178.080078125,4486.22998046875
2021-08-25,4181.1201171875,4496.18994140625
2021-08-26,4169.8701171875,4470.0
2021-08-27,4190.97998046875,4509.3701171875
2021-08-30,4198.7998046875,4528.7900390625
2021-08-31,4196.41015625,4522.68017578125
2021-09-01,4227.27001953125,4524.08984375
2021-09-02,4232.10009765625,4536.9501953125
2021-09-03,4201.97998046875,4535.43017578125
2021-09-07,4225.009765625,4520.02978515625
2021-09-08,4177.14990234375,4514.06982421875
2021-09-09,4177.10986328125,4493.27978515625
2021-09-10,4170.35009765625,4458.580078125
2021-09-13,4189.52978515625,4468.72998046875
2021-09-14,4191.669921875,4443.0498046875
2021-09-15,4145.93994140625,4480.7001953125
2021-09-16,4169.8701171875,4473.75
2021-09-17,4130.83984375,4432.990234375
2021-09-20,4043.6298828125,4357.72998046875
2021-09-21,4097.509765625,4354.18994140625
2021-09-22,4150.18994140625,4395.64013671875
2021-09-23,4194.919921875,4448.97998046875
2021-09-24,4158.509765625,4455.47998046875
2021-09-27,4165.47998046875,4443.10986328125
2021-09-28,4058.820068359375,4352.6298828125
2021-09-29,4080.219970703125,4359.4599609375
2021-09-30,4048.080078125,4307.5400390625
2021-10-01,4035.300048828125,4357.0400390625
2021-10-04,3996.409912109375,4300.4599609375
2021-10-05,4065.429931640625,4345.72021484375
2021-10-06,4012.64990234375,4363.5498046875
2021-10-07,4098.33984375,4399.759765625
2021-10-08,4073.2900390625,4391.33984375
2021-10-11,4072.52001953125,4361.18994140625
2021-10-12,4055.090087890625,4350.64990234375
2021-10-13,4083.280029296875,4363.7998046875
2021-10-14,4149.06005859375,4438.259765625
2021-10-15,4182.91015625,4471.3701171875
2021-10-18,4151.39990234375,4486.4599609375
2021-10-19,4166.830078125,4519.6298828125
2021-10-20,4172.169921875,4536.18994140625
2021-10-21,4155.72998046875,4549.77978515625
2021-10-22,4188.81005859375,4544.89990234375
2021-10-25,4188.31005859375,4566.47998046875
2021-10-26,4223.97021484375,4574.7900390625
2021-10-27,4220.8798828125,4551.68017578125
2021-10-28,4233.8701171875,4596.419921875
2021-10-29,4250.56005859375,4605.3798828125
2021-11-01,4280.47021484375,4613.669921875
2021-11-02,4296.22021484375,4630.64990234375
2021-11-03,4309.60986328125,4660.56982421875
2021-11-04,4333.33984375,4680.06005859375
2021-11-05,4363.0400390625,4697.52978515625
2021-11-08,4352.52978515625,4701.7001953125
2021-11-09,4344.6298828125,4685.25
2021-11-10,4348.81982421875,4646.7099609375
2021-11-11,4358.0,4649.27001953125
2021-11-12,4370.330078125,4682.85009765625
2021-11-15,4386.18994140625,4682.7998046875
2021-11-16,4401.490234375,4700.89990234375
2021-11-17,4400.81005859375,4688.669921875
2021-11-18,4383.7001953125,4704.5400390625
2021-11-19,4356.47021484375,4697.9599609375
2021-11-22,4338.68994140625,4682.93994140625
2021-11-23,4283.81982421875,4690.7001953125
2021-11-24,4276.25,4701.4599609375
2021-11-26,4089.580078125,4594.6201171875
2021-11-29,4109.509765625,4655.27001953125
2021-11-30,4063.06005859375,4567.0
2021-12-01,4179.14990234375,4513.0400390625
2021-12-02,4108.02001953125,4577.10009765625
2021-12-03,4080.14990234375,4538.43017578125
2021-12-06,4137.10986328125,4591.669921875
2021-12-07,4276.2001953125,4686.75
2021-12-08,4233.08984375,4701.2099609375
2021-12-09,4208.2998046875,4667.4501953125
2021-12-10,4199.16015625,4712.02001953125
2021-12-13,4183.0400390625,4668.97021484375
2021-12-14,4144.509765625,4634.08984375
2021-12-15,4158.10986328125,4621.580078125
